,stepsize_inv,omega,iterations,error
0,8,1.4464626921716894,36,6.000434972114433e-11
1,16,1.673513677715992,75,7.764931412881786e-11
2,32,1.8214651907890225,153,7.770216431558201e-11
3,64,1.906454701582762,316,9.855331018806023e-11
4,128,1.952093233850055,636,9.982625678768429e-11
5,256,1.975754453579715,100000,2.892630318310082e-10
